timestamp,category,search,brand,model,size,opportunity_score,title,listing_price,total_buy_est,resale_low,resale_high,margin_low,margin_high,roi_low,reason,url,item_id
2026-09-01T05:26:04,CONSOLE,CONSOLE - Nintendo 3DS XL / Nintendo 3DS XL,Nintendo,3DS XL,XL,9,Pantalla inferior Nintendo 3DS XL | Vinted,30.0,36.7,160.0,220.0,123.3,183.3,336.0,prix a environ 19% de la reference prudente,https://www.vinted.be/items/9843251901-pantalla-inferior-nintendo-3ds-xl,9843251901
2026-09-01T05:27:37,CONSOLE,CONSOLE - Nintendo 3DS XL / Nintendo 3DS XL,Nintendo,3DS XL,XL,10,Nintendo 3DS XL Verpackung OVP Neuwertig ⭐ | Vinted,15.0,20.95,160.0,220.0,139.05,199.05,663.7,"prix a environ 9% de la reference prudente; prix extrêmement bas, verifier vendeur et authenticite",https://www.vinted.be/items/9838205820-nintendo-3ds-xl-verpackung-ovp-neuwertig,9838205820
2026-09-01T05:29:10,CONSOLE,CONSOLE - Nintendo 3DS XL / Nintendo 3DS XL,Nintendo,3DS XL,XL,10,scocca nintendo 3ds xl rossa | Vinted,9.9,15.6,160.0,220.0,144.41,204.41,926.0,"prix a environ 6% de la reference prudente; prix extrêmement bas, verifier vendeur et authenticite",https://www.vinted.be/items/9820765916-scocca-nintendo-3ds-xl-rossa,9820765916
2026-09-01T05:30:44,CONSOLE,CONSOLE - Nintendo 3DS XL / Nintendo 3DS XL,Nintendo,3DS XL,XL,10,Baterías Nintendo 3DS + 3DS XL | Vinted,15.0,20.95,160.0,220.0,139.05,199.05,663.7,"prix a environ 9% de la reference prudente; prix extrêmement bas, verifier vendeur et authenticite",https://www.vinted.be/items/9847772693-baterias-nintendo-3ds-3ds-xl,9847772693
2026-09-01T05:33:49,CONSOLE,CONSOLE - Nintendo 3DS XL / Nintendo 3DS XL,Nintendo,3DS XL,XL,10,Batteria Nintendo 3DS XL | Vinted,9.99,15.69,160.0,220.0,144.31,204.31,919.8,"prix a environ 6% de la reference prudente; prix extrêmement bas, verifier vendeur et authenticite",https://www.vinted.be/items/9842732040-batteria-nintendo-3ds-xl,9842732040
2026-09-01T05:35:22,CONSOLE,CONSOLE - Nintendo 3DS XL / Nintendo 3DS XL,Nintendo,3DS XL,XL,10,Scocca nintendo 3ds xl bianca | Vinted,9.9,15.6,160.0,220.0,144.41,204.41,926.0,"prix a environ 6% de la reference prudente; prix extrêmement bas, verifier vendeur et authenticite",https://www.vinted.be/items/9820786065-scocca-nintendo-3ds-xl-bianca,9820786065
2026-09-01T05:36:56,CONSOLE,CONSOLE - Nintendo 3DS XL / Nintendo 3DS XL,Nintendo,3DS XL,XL,10,Sacoche Yo-Kai Watch pour New Nintendo 3DS XL | Vinted,20.0,26.2,160.0,220.0,133.8,193.8,510.7,"prix a environ 12% de la reference prudente; prix extrêmement bas, verifier vendeur et authenticite",https://www.vinted.be/items/9841317936-sacoche-yo-kai-watch-pour-new-nintendo-3ds-xl,9841317936
2026-09-01T07:02:36,JEU_SWITCH,JEU_SWITCH - Smash Ultimate / Super Smash Bros Ultimate,Nintendo,Smash Ultimate,?,7,Pin Super Smash Bros Ultimate | Nintendo Switch | Merch oficial | Coleccionista | Vinted,9.0,14.65,36.0,42.0,21.35,27.35,145.7,prix a environ 25% de la reference prudente,https://www.vinted.be/items/9828099630-pin-super-smash-bros-ultimate-nintendo-switch-merch-oficial-coleccionista,9828099630
2026-09-01T07:04:13,JEU_SWITCH,JEU_SWITCH - Fire Emblem Three Houses / Fire Emblem Three Houses,Nintendo,Fire Emblem Three Houses,L,10,Fire Emblem Three Houses coin Collector Rare Nintendo Switch | Vinted,3.0,8.35,50.0,65.0,41.65,56.65,498.8,"prix a environ 6% de la reference prudente; prix extrêmement bas, verifier vendeur et authenticite",https://www.vinted.be/items/9744707344-fire-emblem-three-houses-coin-collector-rare-nintendo-switch,9744707344
2026-09-01T07:05:46,JEU_SWITCH,JEU_SWITCH - Fire Emblem Three Houses / Fire Emblem Three Houses,Nintendo,Fire Emblem Three Houses,40,10,Fire Emblem Three Houses keychain Nintendo Switch ref8869502 | Vinted,5.95,11.45,50.0,65.0,38.55,53.55,336.8,"prix a environ 12% de la reference prudente; prix extrêmement bas, verifier vendeur et authenticite",https://www.vinted.be/items/9654036763-fire-emblem-three-houses-keychain-nintendo-switch-ref8869502,9654036763
2026-09-01T07:09:05,JEU_VITA,JEU_VITA - Persona 4 Golden / Persona 4 Golden Vita,Atlus,Persona 4 Golden,?,6,Persona 4 The Golden Jeu PS Vita Import Japonais ref JV16329 | Vinted,13.9,19.8,50.0,70.0,30.2,50.2,152.6,prix a environ 28% de la reference prudente,https://www.vinted.be/items/9793422778-persona-4-the-golden-jeu-ps-vita-import-japonais-ref-jv16329,9793422778
2026-09-01T07:10:38,JEU_VITA,JEU_VITA - Persona 4 Golden / Persona 4 Golden Vita,Atlus,Persona 4 Golden,?,7,P4G Persona 4 The Golden Jeu PSVita Version Japonaise Complet | Vinted,12.0,17.8,50.0,70.0,32.2,52.2,180.9,prix a environ 24% de la reference prudente,https://www.vinted.be/items/8191099460-p4g-persona-4-the-golden-jeu-psvita-version-japonaise-complet,8191099460
2026-09-01T07:12:11,JEU_VITA,JEU_VITA - Persona 4 Golden / Persona 4 Golden Vita,Atlus,Persona 4 Golden,?,6,P4G Persona 4 The Golden Jeu PSVita Version Japonaise Complet | Vinted,15.0,20.95,50.0,70.0,29.05,49.05,138.7,prix a environ 30% de la reference prudente,https://www.vinted.be/items/9732221824-p4g-persona-4-the-golden-jeu-psvita-version-japonaise-complet,9732221824
2026-09-01T07:58:39,CONSOLE,CONSOLE - Xbox Series S / Xbox Series S,Microsoft,Xbox Series S,S,10,Xbox Series S 512 GB come nuova | Vinted,1.0,6.25,175.0,205.0,168.75,198.75,2700.0,"prix a environ 1% de la reference prudente; prix extrêmement bas, verifier vendeur et authenticite",https://www.vinted.be/items/9850251963-xbox-series-s-512-gb-come-nuova,9850251963
2026-09-01T08:00:32,JEU_SWITCH,JEU_SWITCH - Smash Ultimate / Super Smash Bros Ultimate,Nintendo,Smash Ultimate,?,6,Steelbook Super Smash Bros Ultimate Switch | Vinted,9.99,15.69,36.0,42.0,20.31,26.31,129.5,prix a environ 28% de la reference prudente,https://www.vinted.be/items/7986983106-steelbook-super-smash-bros-ultimate-switch,7986983106
2026-09-01T08:02:15,JEU_SWITCH,JEU_SWITCH - Xenoblade Chronicles 2 / Xenoblade Chronicles 2,Nintendo,Xenoblade Chronicles 2,?,8,jeu vidéo wii u xenoblade chronicles x #1422 | Vinted,11.5,17.27,60.0,80.0,42.73,62.73,247.3,prix a environ 19% de la reference prudente,https://www.vinted.be/items/9786686020-jeu-video-wii-u-xenoblade-chronicles-x-1422,9786686020
2026-09-01T08:03:56,JEU_VITA,JEU_VITA - Persona 4 Golden / Persona 4 Golden Vita,Atlus,Persona 4 Golden,?,7,Persona 4 The Golden PSVita jap | Vinted,12.0,17.8,50.0,70.0,32.2,52.2,180.9,prix a environ 24% de la reference prudente,https://www.vinted.be/items/9659693015-persona-4-the-golden-psvita-jap,9659693015
2026-09-01T08:05:37,CONSOLE,CONSOLE - Nintendo 3DS XL / Nintendo 3DS XL,Nintendo,3DS XL,XL,10,Caricatore compatibile con Nintendo 3ds/3ds xI/2ds/2ds xl e dsi | Vinted,4.99,10.44,160.0,220.0,149.56,209.56,1432.6,"prix a environ 3% de la reference prudente; prix extrêmement bas, verifier vendeur et authenticite",https://www.vinted.be/items/9850573049-caricatore-compatibile-con-nintendo-3ds3ds-xi2ds2ds-xl-e-dsi,9850573049
2026-09-01T08:08:48,CONSOLE,CONSOLE - New Nintendo 3DS XL / New Nintendo 3DS XL,Nintendo,New 3DS XL,XL,10,Project rub new Nintendo 2ds xl new Nintendo 3ds XL | Vinted,23.0,29.35,220.0,300.0,190.65,270.65,649.6,"prix a environ 10% de la reference prudente; prix extrêmement bas, verifier vendeur et authenticite",https://www.vinted.be/items/4494858191-project-rub-new-nintendo-2ds-xl-new-nintendo-3ds-xl,4494858191
2026-09-01T13:14:12,JEU_SWITCH,JEU_SWITCH - Zelda TOTK / Zelda Tears of the Kingdom,Nintendo,Zelda TOTK,L,7,Pièce de collection Zelda – Nintendo Switch – Tears of the Kingdom | Vinted,8.0,13.6,38.0,45.0,24.4,31.4,179.4,prix a environ 21% de la reference prudente,https://www.vinted.be/items/9818550977-piece-de-collection-zelda-nintendo-switch-tears-of-the-kingdom,9818550977
2026-09-01T13:17:39,JEU_VITA,JEU_VITA - Persona 4 Golden / Persona 4 Golden Vita,Atlus,Persona 4 Golden,?,7,🇯🇵 Persona 4 Golden JAP psvita | Vinted,12.5,18.32,50.0,70.0,31.68,51.67,172.9,prix a environ 25% de la reference prudente,https://www.vinted.be/items/9805830989-persona-4-golden-jap-psvita,9805830989
2026-09-01T13:19:20,CONSOLE,CONSOLE - Nintendo 3DS XL / Nintendo 3DS XL,Nintendo,3DS XL,XL,10,Fossil Fighters: Frontier per Nintendo 3DS / 2DS / 2DS XL – Come nuovo! | Vinted,12.0,17.8,160.0,220.0,142.2,202.2,798.9,"prix a environ 8% de la reference prudente; prix extrêmement bas, verifier vendeur et authenticite",https://www.vinted.be/items/9852457991-fossil-fighters-frontier-per-nintendo-3ds-2ds-2ds-xl-come-nuovo,9852457991
2026-09-01T13:20:53,CONSOLE,CONSOLE - Nintendo 3DS XL / Nintendo 3DS XL,Nintendo,3DS XL,XL,10,New Super Mario Bros. 2 per Nintendo 3DS / 2DS / 2DS XL – Imperdibile e come nuovo! | Vinted,12.0,17.8,160.0,220.0,142.2,202.2,798.9,"prix a environ 8% de la reference prudente; prix extrêmement bas, verifier vendeur et authenticite",https://www.vinted.be/items/9851966268-new-super-mario-bros-2-per-nintendo-3ds-2ds-2ds-xl-imperdibile-e-come-nuovo,9851966268
2026-09-01T16:14:25,JEU_SWITCH,JEU_SWITCH - Scan large / Zelda Breath of the Wild,Nintendo,Zelda BOTW,?,8,Boite Zelda breath of the wild | Vinted,6.0,11.5,30.0,38.0,18.5,26.5,160.9,prix a environ 20% de la reference prudente,https://www.vinted.be/items/9856058557-boite-zelda-breath-of-the-wild,9856058557
2026-09-01T16:16:07,CONSOLE,CONSOLE - Nintendo Switch OLED / Nintendo Switch OLED,Nintendo,Switch OLED,?,6,Hub USB-C multifonction pour Nintendo Switch / Switch OLED | Vinted,10.0,15.7,190.0,220.0,174.3,204.3,1110.2,"prix a environ 5% de la reference prudente; prix extrêmement bas, verifier vendeur et authenticite",https://www.vinted.be/items/9856025170-hub-usb-c-multifonction-pour-nintendo-switch-switch-oled,9856025170
2026-09-01T16:20:42,CONSOLE,CONSOLE - Nintendo Switch OLED / Nintendo Switch OLED,Nintendo,Switch OLED,?,6,Controles Joy-Con inalámbricos compatibles con Nintendo Switch / Switch OLED (marca blanca). | Vinted,18.0,24.1,190.0,220.0,165.9,195.9,688.4,"prix a environ 9% de la reference prudente; prix extrêmement bas, verifier vendeur et authenticite",https://www.vinted.be/items/9855564874-controles-joy-con-inalambricos-compatibles-con-nintendo-switch-switch-oled-marca-blanca,9855564874
2026-09-01T16:24:03,CONSOLE,CONSOLE - PS4 Pro / PS4 Pro,Sony,PS4 Pro,?,7,Cristalbox PS4 Pro 500 millions | Vinted,39.0,46.15,150.0,180.0,103.85,133.85,225.0,prix a environ 26% de la reference prudente,https://www.vinted.be/items/9855297842-cristalbox-ps4-pro-500-millions,9855297842
2026-09-01T19:14:36,CONSOLE,FILTRE - Nintendo 3DS / 3ds / Nintendo 3DS,Nintendo,3DS,L,6,Fossil fighters Frontier Nintendo 3DS | Vinted,4.99,10.44,90.0,115.0,79.56,104.56,762.1,"prix a environ 6% de la reference prudente; prix extrêmement bas, verifier vendeur et authenticite",https://www.vinted.be/items/9858246649-fossil-fighters-frontier-nintendo-3ds,9858246649
2026-09-01T19:16:48,CONSOLE,FILTRE - Nintendo DS Lite / ds lite / Nintendo DS Lite,Nintendo,DS Lite,XL,3,"Tarjeta +409 juegos Nintendo ds, 3ds, 2ds, Lite, Fat, Zelda, Mario, Pokemon | Vinted",23.0,29.35,50.0,65.0,20.65,35.65,70.4,prix a environ 46% de la reference prudente,https://www.vinted.be/items/9857185643-tarjeta-409-juegos-nintendo-ds-3ds-2ds-lite-fat-zelda-mario-pokemon,9857185643
2026-09-01T19:17:01,CONSOLE,FILTRE - Nintendo DS Lite / nintendo ds lite / Nintendo DS Lite,Nintendo,DS Lite,?,6,Nintendo Ds Lite ricambi | Vinted,4.99,10.44,50.0,65.0,39.56,54.56,379.0,"prix a environ 10% de la reference prudente; prix extrêmement bas, verifier vendeur et authenticite",https://www.vinted.be/items/9856432174-nintendo-ds-lite-ricambi,9856432174
2026-09-01T19:19:34,JEU_SWITCH,FILTRE - New Super Mario Bros U Deluxe / super mario bros u deluxe / New Super Mario Bros U Deluxe,Nintendo,New Super Mario Bros U Deluxe,L,6,Lot de 2 boîtes Nintendo Switch – Mario Bros U Deluxe + Rayman Legends | Vinted,9.0,14.65,30.0,35.0,15.35,20.35,104.8,prix a environ 30% de la reference prudente,https://www.vinted.be/items/9711769001-lot-de-2-boites-nintendo-switch-mario-bros-u-deluxe-rayman-legends,9711769001
2026-09-01T19:19:39,JEU_SWITCH,FILTRE - New Super Mario Bros U Deluxe / super mario bros u deluxe / New Super Mario Bros U Deluxe,Nintendo,New Super Mario Bros U Deluxe,L,3,PLV Nintendo Switch New Super Mario Bros. U Deluxe – Officielle | Vinted,14.99,20.94,30.0,35.0,9.06,14.06,43.3,prix a environ 50% de la reference prudente,https://www.vinted.be/items/9694189303-plv-nintendo-switch-new-super-mario-bros-u-deluxe-officielle,9694189303
2026-09-01T19:20:00,JEU_SWITCH,EXEMPLE - zelda tears of the kingdom / Appris : zelda tears of the kingdom,,zelda tears of the kingdom,?,7,Pierre sacrée zelda tears of the kingdom | Vinted,8.85,14.49,38.5,50.0,24.01,35.51,165.7,prix a environ 23% de la reference prudente,https://www.vinted.be/items/9858116472-pierre-sacree-zelda-tears-of-the-kingdom,9858116472
2026-09-01T19:20:04,JEU_SWITCH,EXEMPLE - zelda tears of the kingdom / Appris : zelda tears of the kingdom,,zelda tears of the kingdom,?,6,Pierre sacrée zelda tears of the kingdom | Vinted,11.0,16.75,38.5,50.0,21.75,33.25,129.9,prix a environ 29% de la reference prudente,https://www.vinted.be/items/9856095742-pierre-sacree-zelda-tears-of-the-kingdom,9856095742
2026-09-01T19:20:21,JEU_PS5,EXEMPLE - ghost of yotei / Appris : ghost of yotei,,ghost of yotei,?,5,Ghost of Yotei Medallion | Vinted,15.0,20.95,45.0,50.0,24.05,29.05,114.8,prix a environ 33% de la reference prudente,https://www.vinted.be/items/9857103803-ghost-of-yotei-medallion,9857103803
2026-09-01T19:20:33,JEU_SWITCH,EXEMPLE - zelda skyward sword hd / Appris : zelda skyward sword hd,,zelda skyward sword hd,?,3,Zelda Skyward Sword Wii Disque quasi neuf | Vinted,13.0,18.85,29.3,35.0,10.45,16.15,55.4,prix a environ 44% de la reference prudente,https://www.vinted.be/items/9839591114-zelda-skyward-sword-wii-disque-quasi-neuf,9839591114
2026-09-01T19:20:37,JEU_SWITCH,EXEMPLE - zelda skyward sword hd / Appris : zelda skyward sword hd,,zelda skyward sword hd,L,5,Zelda skyward sword Nintendo jeux seul avec notice | Vinted,10.0,15.7,29.3,35.0,13.6,19.3,86.6,prix a environ 34% de la reference prudente,https://www.vinted.be/items/9840345411-zelda-skyward-sword-nintendo-jeux-seul-avec-notice,9840345411
2026-09-01T19:21:24,ELECTRONIQUE,ELECTRONIQUE - Sony Walkman cassette / Sony Walkman Cassette Vintage,Sony,Walkman Cassette,?,8,Reproductor Portátil Cassette Sony Walkman | Vinted,15.0,20.95,80.0,180.0,59.05,159.05,281.9,prix a environ 19% de la reference prudente,https://www.vinted.be/items/9836468416-reproductor-portatil-cassette-sony-walkman,9836468416
2026-09-01T19:21:28,ELECTRONIQUE,ELECTRONIQUE - Sony Walkman cassette / Sony Walkman Cassette Vintage,Sony,Walkman Cassette,?,7,Walkman Sony wm-fx123 mangiacassette vintage | Vinted,20.0,26.2,80.0,180.0,53.8,153.8,205.3,prix a environ 25% de la reference prudente,https://www.vinted.be/items/9832646053-walkman-sony-wm-fx123-mangiacassette-vintage,9832646053
2026-09-01T19:21:55,JEU_PS5,JEU_PS5 - Scan large / Elden Ring,Sony,Elden Ring,?,5,Elden Ring ps5 | Vinted,10.0,15.7,30.0,38.0,14.3,22.3,91.1,prix a environ 33% de la reference prudente,https://www.vinted.be/items/9858362606-elden-ring-ps5,9858362606
2026-09-01T19:22:01,JEU_PS5,JEU_PS5 - Scan large / Gran Turismo 7,Sony,Gran Turismo 7,?,5,Jogo PS5 Gran Turismo 7 | Vinted,10.0,15.7,30.0,38.0,14.3,22.3,91.1,prix a environ 33% de la reference prudente,https://www.vinted.be/items/9858258338-jogo-ps5-gran-turismo-7,9858258338
