name,product_type,category,brand,aliases,query,price_max,hot_buy,resale_low,resale_high,demand_score,sales_volume,description,exclude
iPhone 11,SMARTPHONE,SMARTPHONE,Apple,iphone 11,iphone,120,95,190,230,5,0,iPhone 11 débloqué avec batterie et compte iCloud vérifiés,pro|pro max
iPhone 12,SMARTPHONE,SMARTPHONE,Apple,iphone 12,iphone,150,120,240,285,5,0,iPhone 12 débloqué avec Face ID et batterie vérifiés,mini|pro|pro max
iPhone 12 mini,SMARTPHONE,SMARTPHONE,Apple,iphone 12 mini,iphone,135,105,210,250,4,0,iPhone 12 mini débloqué avec Face ID et batterie vérifiés,pro
iPhone 13,SMARTPHONE,SMARTPHONE,Apple,iphone 13,iphone,180,145,260,310,5,0,iPhone 13 débloqué avec Face ID et batterie vérifiés,mini|pro|pro max
iPhone 13 mini,SMARTPHONE,SMARTPHONE,Apple,iphone 13 mini,iphone,170,135,250,290,5,0,iPhone 13 mini débloqué avec Face ID et batterie vérifiés,pro
iPhone 13 Pro,SMARTPHONE,SMARTPHONE,Apple,iphone 13 pro,iphone,260,215,390,450,5,0,iPhone 13 Pro débloqué avec Face ID et batterie vérifiés,max
iPhone 13 Pro Max,SMARTPHONE,SMARTPHONE,Apple,iphone 13 pro max,iphone,310,260,445,530,5,0,iPhone 13 Pro Max débloqué avec Face ID et batterie vérifiés,
iPhone 14,SMARTPHONE,SMARTPHONE,Apple,iphone 14,iphone,260,215,390,460,5,0,iPhone 14 débloqué avec Face ID et batterie vérifiés,plus|pro|pro max
iPhone 14 Pro,SMARTPHONE,SMARTPHONE,Apple,iphone 14 pro,iphone,350,295,520,620,5,0,iPhone 14 Pro débloqué avec Face ID et batterie vérifiés,max
iPhone 15,SMARTPHONE,SMARTPHONE,Apple,iphone 15,iphone,350,295,520,620,5,0,iPhone 15 débloqué avec Face ID et batterie vérifiés,plus|pro|pro max
iPhone 15 Pro,SMARTPHONE,SMARTPHONE,Apple,iphone 15 pro,iphone,480,410,680,780,5,0,iPhone 15 Pro débloqué avec Face ID et batterie vérifiés,max
iPhone SE 2022,SMARTPHONE,SMARTPHONE,Apple,iphone se 2022|iphone se 3,iphone,100,80,165,200,4,0,iPhone SE troisième génération débloqué et batterie vérifiée,2020|2 generation
Samsung Galaxy S21,SMARTPHONE,SMARTPHONE,Samsung,galaxy s21|samsung s21,samsung galaxy,120,95,190,230,5,0,Galaxy S21 fonctionnel et compte Google supprimé,plus|ultra|fe
Samsung Galaxy S22,SMARTPHONE,SMARTPHONE,Samsung,galaxy s22|samsung s22,samsung galaxy,155,125,240,290,5,0,Galaxy S22 fonctionnel et compte Google supprimé,plus|ultra
Samsung Galaxy S23,SMARTPHONE,SMARTPHONE,Samsung,galaxy s23|samsung s23,samsung galaxy,240,195,360,430,5,0,Galaxy S23 fonctionnel et compte Google supprimé,plus|ultra|fe
Samsung Galaxy A54 5G,SMARTPHONE,SMARTPHONE,Samsung,galaxy a54|samsung a54,samsung galaxy,100,80,160,200,4,0,Galaxy A54 5G fonctionnel et compte Google supprimé,a53|a55
Samsung Galaxy Z Flip4,SMARTPHONE,SMARTPHONE,Samsung,z flip4|z flip 4|galaxy flip4,samsung galaxy,180,145,300,360,4,0,Galaxy Z Flip4 fonctionnel avec charnière et écran vérifiés,flip3|flip5
Google Pixel 7,SMARTPHONE,SMARTPHONE,Google,google pixel 7|pixel 7,google pixel,140,110,220,270,4,0,Google Pixel 7 fonctionnel et compte supprimé,pro|7a
Google Pixel 8,SMARTPHONE,SMARTPHONE,Google,google pixel 8|pixel 8,google pixel,220,175,340,410,5,0,Google Pixel 8 fonctionnel et compte supprimé,pro|8a

iPad 9e génération, TABLET,TABLET,Apple,ipad 9 generation|ipad 9e generation|ipad 2021,ipad,150,120,230,280,5,0,iPad 9e génération sans verrouillage iCloud et batterie vérifiée,pro|air|mini|10 generation
iPad 10e génération,TABLET,TABLET,Apple,ipad 10 generation|ipad 10e generation|ipad 2022,ipad,220,180,330,390,5,0,iPad 10e génération sans verrouillage iCloud et batterie vérifiée,pro|air|mini|9 generation
iPad Air 4,TABLET,TABLET,Apple,ipad air 4|ipad air 2020,ipad air,240,195,360,430,5,0,iPad Air 4 sans verrouillage iCloud et batterie vérifiée,air 5|m1
iPad Air 5 M1,TABLET,TABLET,Apple,ipad air 5|ipad air m1|ipad air 2022,ipad air,320,260,470,550,5,0,iPad Air 5 M1 sans verrouillage iCloud et batterie vérifiée,air 4
iPad mini 6,TABLET,TABLET,Apple,ipad mini 6|ipad mini 2021,ipad mini,280,225,420,500,5,0,iPad mini 6 sans verrouillage iCloud et batterie vérifiée,mini 5
iPad Pro 11 2020,TABLET,TABLET,Apple,ipad pro 11 2020|ipad pro 2 generation,ipad pro,330,270,500,600,5,0,iPad Pro 11 2020 sans verrouillage iCloud et écran vérifié,2021|m1|2022|m2
iPad Pro 11 M1 2021,TABLET,TABLET,Apple,ipad pro 11 m1|ipad pro 11 2021,ipad pro,430,350,650,750,5,0,iPad Pro 11 M1 sans verrouillage iCloud et écran vérifié,2020|m2|2022
Samsung Galaxy Tab S7,TABLET,TABLET,Samsung,galaxy tab s7|tab s7,samsung tab,180,145,280,340,4,0,Galaxy Tab S7 fonctionnelle avec écran et compte vérifiés,fe|plus|s8
Samsung Galaxy Tab S8,TABLET,TABLET,Samsung,galaxy tab s8|tab s8,samsung tab,260,210,400,480,5,0,Galaxy Tab S8 fonctionnelle avec écran et compte vérifiés,plus|ultra|s7
Samsung Galaxy Tab A8,TABLET,TABLET,Samsung,galaxy tab a8|tab a8,samsung tab,85,65,140,175,4,0,Galaxy Tab A8 fonctionnelle avec écran et compte vérifiés,a7|a9
Microsoft Surface Pro 7,TABLET,TABLET,Microsoft,surface pro 7,microsoft surface,220,175,340,420,4,0,Surface Pro 7 fonctionnelle avec écran batterie et compte vérifiés,pro 8|pro 9

MacBook Air M1 2020,LAPTOP,COMPUTER,Apple,macbook air m1|macbook air 2020 m1,macbook,350,290,520,620,5,0,MacBook Air M1 sans verrouillage iCloud et batterie vérifiée,intel|m2
MacBook Air M2,LAPTOP,COMPUTER,Apple,macbook air m2|macbook air 2022,macbook,520,430,750,880,5,0,MacBook Air M2 sans verrouillage iCloud et batterie vérifiée,m1|intel
MacBook Pro 13 M1,LAPTOP,COMPUTER,Apple,macbook pro 13 m1|macbook pro m1 2020,macbook,450,370,650,760,5,0,MacBook Pro 13 M1 sans verrouillage iCloud et batterie vérifiée,intel|m2|max
Mac mini M1,DESKTOP,COMPUTER,Apple,mac mini m1|macmini m1,mac mini,280,225,430,520,5,0,Mac mini M1 sans verrouillage iCloud avec alimentation,m2|intel
Lenovo ThinkPad T480,LAPTOP,COMPUTER,Lenovo,thinkpad t480|lenovo t480,thinkpad,100,80,170,220,4,0,ThinkPad T480 fonctionnel avec batterie chargeur RAM et SSD vérifiés,t480s|t490
Lenovo ThinkPad T490,LAPTOP,COMPUTER,Lenovo,thinkpad t490|lenovo t490,thinkpad,130,105,210,260,4,0,ThinkPad T490 fonctionnel avec batterie chargeur RAM et SSD vérifiés,t480|t490s
Lenovo ThinkPad X1 Carbon Gen 8,LAPTOP,COMPUTER,Lenovo,x1 carbon gen 8|x1 carbon 8th|20u9,thinkpad x1,230,185,350,430,4,0,ThinkPad X1 Carbon Gen 8 fonctionnel avec batterie et SSD vérifiés,gen 7|gen 9
Dell Latitude 5420,LAPTOP,COMPUTER,Dell,dell latitude 5420|latitude 5420,dell latitude,220,175,340,420,4,0,Dell Latitude 5420 fonctionnel avec batterie chargeur RAM et SSD vérifiés,5421|5520
HP EliteBook 840 G8,LAPTOP,COMPUTER,HP,hp elitebook 840 g8|elitebook 840 g8,hp elitebook,240,195,370,450,4,0,HP EliteBook 840 G8 fonctionnel avec batterie chargeur RAM et SSD vérifiés,g7|g9
Nvidia RTX 3060 12GB,ELECTRONICS,PC_COMPONENT,Nvidia,rtx 3060 12gb|rtx3060 12gb,carte graphique,150,120,220,260,5,0,Carte graphique RTX 3060 12GB testée avec sorties vidéo fonctionnelles,ti|laptop|ventilateur
Nvidia RTX 3070,ELECTRONICS,PC_COMPONENT,Nvidia,rtx 3070|rtx3070,carte graphique,190,155,280,330,5,0,Carte graphique RTX 3070 testée avec sorties vidéo fonctionnelles,ti|laptop|ventilateur
Nvidia RTX 4070,ELECTRONICS,PC_COMPONENT,Nvidia,rtx 4070|rtx4070,carte graphique,350,290,500,580,5,0,Carte graphique RTX 4070 testée avec sorties vidéo fonctionnelles,ti|super|laptop|ventilateur
AMD Radeon RX 6700 XT,ELECTRONICS,PC_COMPONENT,AMD,rx 6700 xt|rx6700xt,carte graphique,180,145,270,320,4,0,Carte graphique RX 6700 XT testée avec sorties vidéo fonctionnelles,ventilateur|waterblock

Makita DHP484,TOOL,TOOL,Makita,makita dhp484|dhp484,makita 18v,45,35,75,95,5,0,Perceuse visseuse Makita DHP484 fonctionnelle avec numéro de série vérifié,batterie seule|chargeur seul|mandrin seul|pieces
Makita DTD153,TOOL,TOOL,Makita,makita dtd153|dtd153,makita 18v,45,35,75,95,5,0,Visseuse à chocs Makita DTD153 fonctionnelle avec numéro de série vérifié,batterie seule|chargeur seul|pieces
Makita DHR171,TOOL,TOOL,Makita,makita dhr171|dhr171,makita 18v,65,50,105,135,4,0,Perforateur Makita DHR171 fonctionnel avec numéro de série vérifié,batterie seule|chargeur seul|pieces
Bosch Professional GSR 18V-55,TOOL,TOOL,Bosch,bosch gsr 18v 55|gsr 18v 55,bosch professional 18v,50,40,85,110,4,0,Perceuse Bosch Professional GSR 18V-55 fonctionnelle,batterie seule|chargeur seul|pieces
Bosch Professional GWS 18V-10,TOOL,TOOL,Bosch,bosch gws 18v 10|gws 18v 10,bosch professional 18v,65,50,110,145,4,0,Meuleuse Bosch Professional GWS 18V-10 fonctionnelle,batterie seule|chargeur seul|disque seul|pieces
DeWalt DCD796,TOOL,TOOL,DeWalt,dewalt dcd796|dcd796,dewalt 18v,50,40,85,110,5,0,Perceuse DeWalt DCD796 fonctionnelle avec numéro de série vérifié,batterie seule|chargeur seul|mandrin seul|pieces
DeWalt DCF887,TOOL,TOOL,DeWalt,dewalt dcf887|dcf887,dewalt 18v,45,35,80,105,5,0,Visseuse à chocs DeWalt DCF887 fonctionnelle avec numéro de série vérifié,batterie seule|chargeur seul|pieces
Milwaukee M18 FPD2,TOOL,TOOL,Milwaukee,milwaukee m18 fpd2|m18 fpd2,milwaukee m18,80,65,130,170,4,0,Perceuse Milwaukee M18 FPD2 fonctionnelle avec numéro de série vérifié,batterie seule|chargeur seul|mandrin seul|pieces
Milwaukee M18 FID2,TOOL,TOOL,Milwaukee,milwaukee m18 fid2|m18 fid2,milwaukee m18,80,65,130,170,4,0,Visseuse à chocs Milwaukee M18 FID2 fonctionnelle avec numéro de série vérifié,batterie seule|chargeur seul|pieces
Festool TS 55 REBQ,TOOL,TOOL,Festool,festool ts 55 rebq|ts55 rebq,festool ts 55,260,215,420,520,4,0,Scie plongeante Festool TS 55 REBQ fonctionnelle avec rail à vérifier,rail seul|lame seule|pieces
Karcher K5 Premium,TOOL,TOOL,Karcher,karcher k5 premium|karcher k5,karcher k5,100,80,170,220,4,0,Nettoyeur haute pression Karcher K5 fonctionnel avec flexible et pistolet,flexible seul|pistolet seul|pieces
iPhone 11 Pro,SMARTPHONE,SMARTPHONE,Apple,iphone 11 pro,iphone,155,125,235,285,5,0,iPhone 11 Pro débloqué avec Face ID batterie et iCloud vérifiés,max|coque|écran seul
iPhone 12 Pro,SMARTPHONE,SMARTPHONE,Apple,iphone 12 pro,iphone,210,170,310,370,5,0,iPhone 12 Pro débloqué avec Face ID batterie et iCloud vérifiés,max|mini|coque|écran seul
iPhone 12 Pro Max,SMARTPHONE,SMARTPHONE,Apple,iphone 12 pro max,iphone,245,200,360,430,5,0,iPhone 12 Pro Max débloqué avec Face ID batterie et iCloud vérifiés,mini|coque|écran seul
iPhone 14 Pro Max,SMARTPHONE,SMARTPHONE,Apple,iphone 14 pro max,iphone,420,350,610,710,5,0,iPhone 14 Pro Max débloqué avec Face ID batterie et iCloud vérifiés,plus|coque|écran seul
iPhone 15 Pro Max,SMARTPHONE,SMARTPHONE,Apple,iphone 15 pro max,iphone,560,475,780,900,5,0,iPhone 15 Pro Max débloqué avec Face ID batterie et iCloud vérifiés,plus|coque|écran seul
Samsung Galaxy S21 Ultra,SMARTPHONE,SMARTPHONE,Samsung,galaxy s21 ultra|samsung s21 ultra,samsung galaxy,175,140,260,320,5,0,Galaxy S21 Ultra fonctionnel avec écran batterie et compte vérifiés,plus|fe|coque|écran seul
Samsung Galaxy S22 Ultra,SMARTPHONE,SMARTPHONE,Samsung,galaxy s22 ultra|samsung s22 ultra,samsung galaxy,235,190,350,420,5,0,Galaxy S22 Ultra fonctionnel avec écran batterie S Pen et compte vérifiés,plus|coque|écran seul
Samsung Galaxy S23 Ultra,SMARTPHONE,SMARTPHONE,Samsung,galaxy s23 ultra|samsung s23 ultra,samsung galaxy,360,300,520,620,5,0,Galaxy S23 Ultra fonctionnel avec écran batterie S Pen et compte vérifiés,plus|fe|coque|écran seul
Samsung Galaxy A55 5G,SMARTPHONE,SMARTPHONE,Samsung,galaxy a55|samsung a55,samsung galaxy,130,100,200,245,5,0,Galaxy A55 5G fonctionnel avec écran batterie et compte vérifiés,a54|coque|écran seul
Samsung Galaxy Z Flip5,SMARTPHONE,SMARTPHONE,Samsung,z flip5|z flip 5|galaxy flip5,samsung galaxy,260,215,390,470,5,0,Galaxy Z Flip5 fonctionnel avec charnière écrans et compte vérifiés,flip4|flip6|coque|écran seul
Google Pixel 7a,SMARTPHONE,SMARTPHONE,Google,google pixel 7a|pixel 7a,google pixel,120,95,190,230,5,0,Google Pixel 7a fonctionnel avec écran batterie et compte vérifiés,pro|pixel 7|coque|écran seul
Google Pixel 8 Pro,SMARTPHONE,SMARTPHONE,Google,google pixel 8 pro|pixel 8 pro,google pixel,300,245,440,520,5,0,Google Pixel 8 Pro fonctionnel avec écran batterie et compte vérifiés,8a|pixel 8|coque|écran seul
OnePlus 11 5G,SMARTPHONE,SMARTPHONE,OnePlus,oneplus 11|one plus 11,oneplus,220,175,330,400,4,0,OnePlus 11 fonctionnel avec écran batterie et compte vérifiés,11r|coque|écran seul
iPad 8e génération,TABLET,TABLET,Apple,ipad 8 generation|ipad 8e generation|ipad 2020,ipad,115,90,180,225,5,0,iPad 8e génération sans verrouillage iCloud et batterie vérifiée,pro|air|mini|9 generation|coque|écran seul
iPad mini 5,TABLET,TABLET,Apple,ipad mini 5|ipad mini 2019,ipad mini,145,115,225,275,4,0,iPad mini 5 sans verrouillage iCloud et batterie vérifiée,mini 6|coque|écran seul
iPad Pro 12.9 M1 2021,TABLET,TABLET,Apple,ipad pro 12 9 m1|ipad pro 12.9 2021,ipad pro,480,390,700,820,5,0,iPad Pro 12.9 M1 sans verrouillage iCloud et écran vérifié,2020|m2|coque|écran seul
Samsung Galaxy Tab S6 Lite 2022,TABLET,TABLET,Samsung,galaxy tab s6 lite 2022|tab s6 lite 2022,samsung tab,115,90,180,225,5,0,Galaxy Tab S6 Lite 2022 fonctionnelle avec écran S Pen et compte vérifiés,2020|coque|écran seul
Samsung Galaxy Tab S9,TABLET,TABLET,Samsung,galaxy tab s9|tab s9,samsung tab,330,270,490,580,5,0,Galaxy Tab S9 fonctionnelle avec écran S Pen batterie et compte vérifiés,plus|ultra|fe|coque|écran seul
Samsung Galaxy Tab A9 Plus,TABLET,TABLET,Samsung,galaxy tab a9 plus|tab a9+|tab a9 plus,samsung tab,120,95,190,230,5,0,Galaxy Tab A9 Plus fonctionnelle avec écran batterie et compte vérifiés,a8|coque|écran seul
MacBook Pro 14 M1 Pro,LAPTOP,COMPUTER,Apple,macbook pro 14 m1 pro|macbook pro a2442,macbook,700,590,980,1150,5,0,MacBook Pro 14 M1 Pro sans verrouillage iCloud avec batterie écran et chargeur vérifiés,m2|m3|coque|écran seul
Mac mini M2,DESKTOP,COMPUTER,Apple,mac mini m2|macmini m2,mac mini,350,285,520,620,5,0,Mac mini M2 sans verrouillage iCloud avec alimentation,m1|intel|boitier vide
Lenovo ThinkPad T14 Gen 2,LAPTOP,COMPUTER,Lenovo,thinkpad t14 gen 2|lenovo t14 g2,thinkpad,220,175,340,420,5,0,ThinkPad T14 Gen 2 fonctionnel avec batterie chargeur RAM et SSD vérifiés,gen 1|gen 3|coque|écran seul
Dell Latitude 7420,LAPTOP,COMPUTER,Dell,dell latitude 7420|latitude 7420,dell latitude,230,185,350,430,4,0,Dell Latitude 7420 fonctionnel avec batterie chargeur RAM et SSD vérifiés,7410|7430|coque|écran seul
HP EliteBook 845 G8,LAPTOP,COMPUTER,HP,hp elitebook 845 g8|elitebook 845 g8,hp elitebook,230,185,350,430,4,0,HP EliteBook 845 G8 fonctionnel avec batterie chargeur RAM et SSD vérifiés,g7|g9|coque|écran seul
Microsoft Surface Laptop 4,LAPTOP,COMPUTER,Microsoft,surface laptop 4,microsoft surface,240,195,370,450,4,0,Surface Laptop 4 fonctionnel avec écran batterie chargeur et compte vérifiés,laptop 3|laptop 5|coque|écran seul
Kindle Oasis 10e génération,EREADER,EREADER,Amazon,kindle oasis 10 generation|kindle oasis 2019,kindle oasis,80,62,125,155,5,0,Kindle Oasis 10e génération fonctionnel avec écran batterie et compte vérifiés,coque|housse|écran seul
Kobo Libra 2,EREADER,EREADER,Kobo,kobo libra 2|libra 2,kobo libra,70,55,110,140,5,0,Kobo Libra 2 fonctionnelle avec écran batterie et compte vérifiés,coque|housse|écran seul
Sony WH-1000XM3,AUDIO,AUDIO,Sony,sony wh 1000xm3|wh-1000xm3|wh1000xm3,sony wh 1000xm,55,42,90,115,5,0,Casque Sony WH-1000XM3 original avec batterie Bluetooth et arceau vérifiés,wf 1000xm3|coussinets|ear pads|coque
Bose Headphones 700,AUDIO,AUDIO,Bose,bose 700|bose headphones 700,bose casque,85,68,130,165,4,0,Casque Bose 700 original avec batterie Bluetooth et arceau vérifiés,coussinets|ear pads|coque|lunettes
Sennheiser Momentum 4 Wireless,AUDIO,AUDIO,Sennheiser,sennheiser momentum 4|momentum 4 wireless,sennheiser casque,120,95,180,230,5,0,Casque Sennheiser Momentum 4 original avec batterie Bluetooth et arceau vérifiés,coussinets|ear pads|coque
